year,commodity,jan,feb,mar,apr,may,jun,jul,aug,sep,oct,nov,dec
1770,Beef,2.50,2.75,2.58,2.50,2.50,2.75,2.50,2.75,2.50,2.50,2.50,2.50
1771,Beef,2.58,2.62,2.62,2.50,2.54,2.58,2.58,2.50,2.54,2.51,2.50,2.81
1772,Beef,2.62,2.50,2.69,2.75,2.83,3.00,3.50,3.00,3.00,2.75,2.67,2.92
1773,Beef,2.75,2.75,2.75,2.75,2.75,2.75,2.75,2.75,2.75,2.75,2.50,2.75
1774,Beef,2.75,2.75,2.75,2.75,2.75,2.75,2.75,2.50,2.75,2.75,2.83,3.00
1775,Beef,2.62,2.75,2.70,3.00,2.75,3.12,2.88,2.88,2.88,2.81,2.81,2.81
1776,Beef,2.81,2.81,3.25,3.75,3.75,7.50,5.41,5.52,5.62,4.69,4.69,6.64
1777,Beef,6.96,6.75,6.95,9.50,8.13,9.38,11.2,11.2,11.2,9.00,9.00,9.38
1779,Beef,16.5,50.0,50.3,55.0,75.0,84.4,98.4,125.2,77.3,84.8,220.0,242.5
1780,Beef,178.1,253.1,450.0,450.0,456.7,550.0,675.0,675.0,506.2,506.2,650.0,600.0
1781,Beef,650.0,600.0,550.0,900.0,5.00,4.22,4.23,4.27,3.73,3.33,3.86,3.28
1782,Beef,3.55,3.28,4.22,3.05,3.75,4.23,4.41,3.75,3.52,3.28,3.28,3.75
1784,Beef,4.00,4.00,3.00,3.00,3.38,3.75,4.58,4.00,4.00,4.00,4.50,3.50
1785,Beef,3.50,3.50,3.00,3.00,3.00,3.00,3.00,3.50,3.75,3.75,3.75,3.75
1786,Beef,3.75,3.75,3.75,3.50,4.00,4.00,4.00,4.00,4.00,4.00,4.00,4.00
1787,Beef,4.00,4.00,4.00,3.88,3.88,3.88,3.88,3.88,3.88,3.88,3.13,3.00
1788,Beef,2.88,2.88,2.88,2.88,2.63,2.61,2.58,2.58,2.58,2.58,2.58,2.58
1789,Beef,2.58,2.58,2.40,2.40,2.40,2.40,2.40,2.40,2.40,2.40,2.68,2.45
1790,Beef,2.45,2.45,2.45,2.45,2.45,2.45,2.74,2.74,2.74,2.74,2.53,2.53
1770,"Bread, Ship",13.0,13.0,13.2,13.2,13.3,13.5,13.5,14.5,15.1,15.2,15.6,16.1
1771,"Bread, Ship",15.0,15.0,15.0,15.0,16.0,16.5,16.4,15.7,15.8,15.5,15.9,16.2
1772,"Bread, Ship",16.5,17.0,17.0,17.3,21.0,22.7,22.5,20.8,21.2,21.2,21.4,20.8
1773,"Bread, Ship",20.0,19.0,18.2,18.2,18.0,16.7,17.0,16.5,16.2,16.3,15.7,15.8
1774,"Bread, Ship",15.5,15.0,15.0,15.0,15.0,15.0,14.5,14.5,13.8,14.0,14.0,13.6
1775,"Bread, Ship",13.5,13.0,13.0,13.0,13.0,12.9,13.9,15.0,13.9,13.3,12.8,12.9
1783,"Bread, Ship",18.0,18.0,18.0,19.8,21.6,22.0,20.0,22.0,24.0,23.5,23.5,22.0
1784,"Bread, Ship",20.0,20.0,23.5,18.7,18.5,25.0,24.2,24.0,23.5,23.0,24.0,22.0
1785,"Bread, Ship",22.0,22.0,20.0,22.0,24.0,24.0,23.5,23.5,23.0,22.5,23.2,23.2
1786,"Bread, Ship",21.0,20.0,18.5,19.2,19.2,19.2,19.2,19.2,19.2,19.2,19.2,19.2
1787,"Bread, Ship",19.2,19.2,19.2,19.2,19.2,19.2,19.2,18.0,17.5,17.5,17.0,15.0
1788,"Bread, Ship",16.0,16.5,16.0,15.2,14.5,14.5,14.5,14.0,14.0,13.5,13.5,13.5
1789,"Bread, Ship",13.5,13.5,13.5,13.0,13.0,14.0,16.0,15.5,15.5,15.5,15.5,18.0
1790,"Bread, Ship",18.0,18.0,23.5,25.0,25.0,28.0,27.0,26.0,19.0,17.5,18.0,19.0
1771,Chocolate,16.0,16.0,16.0,15.0,14.8,14.0,15.0,15.0,15.0,15.5,15.3,15.1
1772,Chocolate,0,15.4,14.0,14.3,14.5,14.4,13.7,14.0,14.5,14.7,15.0,14.0
1773,Chocolate,15.0,16.0,15.0,14.5,14.9,16.2,17.0,15.0,17.0,14.8,15.5,16.6
1774,Chocolate,19.0,20.0,16.0,15.0,16.0,17.7,17.8,16.0,17.0,16.0,20.0,20.0
1775,Chocolate,18.5,18.8,17.0,18.5,18.5,18.5,18.5,18.5,18.5,16.8,15.0,16.0
1779,Chocolate,22.2,32.0,32.5,37.5,45.0,45.0,37.5,48,60.0,60.0,84.4,90.0
1780,Chocolate,86.2,86.2,90.0,105.0,105.0,93.7,93.7,93.7,97.5,97.5,107.0,120.0
1782,Chocolate,39.0,28.0,30.0,30.0,28.5,27.0,27.0,26.5,26.5,28.0,28.0,28.0
1783,Chocolate,28.0,24.3,24.3,23.0,23.0,23.0,23.0,22.0,21.0,20.0,19.0,19.0
1784,Chocolate,23.0,21.0,22.0,16.0,15.8,18.0,15.0,15.0,15.0,18.0,18.0,20.5
1786,Chocolate,16.5,16.5,16.5,16.5,15.5,15.5,15.5,15.5,15.5,15.5,15.5,15.5
1787,Chocolate,15.5,15.5,14.5,12.5,12.5,12.5,14.5,12.5,14.5,12.5,14.5,14.5
1788,Chocolate,14.5,14.5,14.5,13.0,13.0,13.0,12.5,12.5,12.5,12.5,12.5,12.0
1789,Chocolate,12.0,12.0,12.0,12.0,15.0,15.0,14.5,14.5,14.0,13.0,13.0,13.0
1790,Chocolate,13.0,13.0,13.0,12.0,12.0,12.0,12.0,12.0,12.0,12.0,12.5,14.0
1770,Coffee,15.5,15.0,15.5,14.7,15.7,15.8,16.5,15.5,16.4,16.7,16.2,16.0
1771,Coffee,16.0,16.0,16.0,15.0,14.0,15.9,16.0,15.0,16.0,15.5,15.5,15.6
1773,Coffee,14.0,15.2,13.7,11.5,11.3,11.0,11.5,11.5,11.4,10.3,10.0,10.0
1775,Coffee,5.0,10.1,10.0,9.50,10.5,12.0,12.0,11.0,11.0,11.6,12.0,11.5
1776,Coffee,11.9,11.5,12.3,12.7,14.9,14.0,15.0,15.0,15.0,19.5,24.0,30.0
1779,Coffee,13.0,14.0,13.9,15.0,17.0,17.0,15.0,25.0,42.5,60.0,77.2,97.7
1780,Coffee,97.5,90.0,90.0,88.5,79.5,67.5,74.9,76.9,73.1,75.0,125.9,132.5
1782,Coffee,15.5,13.5,12.6,13.9,15.5,19.7,24.0,18.0,22.0,28.0,32.5,34.5
1783,Coffee,38.0,33.0,33.0,14.5,15.0,15.0,14.5,15.2,14.1,12.9,12.2,12.3
1784,Coffee,13.7,11.8,12.8,11.5,12.0,12.5,13.2,13.5,14.1,15.0,16.8,16.3
1785,Coffee,14.5,14.0,15.5,14.0,14.5,16.5,15.8,14.0,16.0,18.0,17.5,17.5
1786,Coffee,17.5,17.0,16.0,16.5,15.0,16.0,16.0,15.5,15.5,16.0,18.0,19.0
1787,Coffee,19.0,19.0,19.0,14.8,15.0,17.5,15.5,16.0,16.2,16.8,18.5,18.5
1788,Coffee,18.5,16.5,14.5,14.5,14.5,16.0,15.5,16.2,18.5,18.5,19.5,18.5
1789,Coffee,18.0,17.0,17.0,17.0,19.0,20.0,19.0,19.5,20.0,20.0,20.0,18.5
1790,Coffee,17.5,17.5,14.0,16.0,16.0,16.5,15.5,15.5,15.5,16.2,15.5,14.5
1771,Corn,3.00,2.95,3.33,3.42,3.31,3.42,3.69,3.78,4.00,3.67,3.77,3.63
1772,Corn,3.5,3.50,3.56,3.72,3.96,3.98,3.83,3.78,3.63,3.83,3.58,3.40
1773,Corn,3.75,3.92,3.47,3.11,3.04,3.00,3.06,3.06,3.00,2.94,2.67,2.71
1774,Corn,2.75,2.75,2.75,2.75,2.67,2.54,2.58,3.08,2.71,3.21,3.10,3.08
1775,Corn,3.00,3.25,2.92,3.25,2.75,2.63,3.10,3.25,2.92,2.58,2.67,2.50
1776,Corn,2.67,2.79,2.63,2.75,2.81,3.00,2.82,3.25,2.82,4.57,4.92,5.42
1779,Corn,1.94,1.75,2.75,5.08,5.75,6.00,6.00,6.00,7.00,6.75,7.88,8.83
1780,Corn,7.50,9.00,8.75,111.13,0,15.5,16.2,15.7,16.9,16.0,17.6,17.5
1781,Corn,15.0,18.0,15.5,17.4,3.67,2.67,3.75,3.50,3.75,3.00,3.75,3.78
1782,Corn,4.03,4.70,4.70,3.55,2.75,2.75,3.73,4.71,5.50,5.00,5.00,750
1783,Corn,5.50,5.12,4.75,4.50,6.00,5.51,6.25,5.50,4.71,5.06,4.50,4.42
1784,Corn,5.50,3.75,3.50,4.00,5.75,4.79,5.14,5.17,5.33,6.00,4.67,4.50
1785,Corn,3.50,3.50,3.75,3.83,3.75,3.83,3.83,3.88,4.42,4.50,4.71,4.71
1786,Corn,3.63,3.88,4.50,4.04,4.00,5.00,5.63,5.92,5.50,4.50,3.13,3.04
1787,Corn,2.88,3.00,3.00,3.13,3.50,3.00,3.92,3.29,3.29,3.29,3.17,2.75
1788,Corn,2.58,2.50,2.29,2.58,2.75,2.83,2.88,2.75,2.67,2.92,2.75,2.22
1789,Corn,2.36,2.38,2.13,2.08,3.00,3.50,3.33,3.63,3.67,3.75,4.00,3.42
1790,Corn,3.25,3.75,5.00,5.25,5.00,4.50,3.88,3.75,3.88,3.08,4.00,3.50
1770,Cotton,1.17,1.25,1.25,1.21,1.33,1.50,1.33,1.33,1.42,1.33,1.33,1.33
1771,Cotton,1.25,1.17,1.33,1.25,1.42,1.25,1.25,1.25,1.25,1.17,1.17,1.17
1772,Cotton,1.17,1.17,1.17,1.17,1.33,1.33,1.28,1.33,1.33,1.33,1.33,1.33
1773,Cotton,1.33,1.33,1.28,1.63,1.50,1.58,1.58,1.50,1.46,1.50,1.33,1.25
1774,Cotton,1.25,1.58,1.33,1.33,1.33,1.58,1.67,1.75,1.83,1.58,1.33,1.83
1775,Cotton,1.83,1.83,1.92,2.00,2.05,2.09,2.17,2.25,2.22,2.20,2.17,2.17
1783,Cotton,3.25,3.00,3.00,2.50,2.50,2.50,2.42,2.33,2.33,2.33,2.50,2.50
1784,Cotton,2.50,2.13,2.17,2.15,2.13,2.00,2.03,2.07,2.10,2.13,2.50,2.50
1785,Cotton,2.50,2.50,2.47,2.44,2.42,2.39,2.36,2.33,2.33,2.33,2.42,2.50
1786,Cotton,2.75,2.75,2.75,2.75,3.13,3.13,3.13,3.25,3.00,3.00,3.00,300
1787,Cotton,3.00,3.00,3.00,3.00,3.00,3.00,3.00,3.00,3.00,2.92,2.92,2.92
1788,Cotton,2.92,2.92,2.92,2.75,2.75,2.75,2.75,2.75,2.50,2.50,2.50,2.25
1789,Cotton,2.25,2.25,2.25,2.06,2.06,2.06,2.06,2.06,2.06,2.06,2.06,2.06
1770,"Flour, Common",14.5,14.6,14.8,14.7,14.8,15.5,16.0,17.0,16.5,15.9,17.0,17.2
1771,"Flour, Common",16.3,16.6,17.0,17.1,17.6,17.8,17.4,17.0,17.7,17.8,18.7,19.0
1772,"Flour, Common",19.0,19.0,19.2,19.1,19.9,20.6,21.4,21.2,21.2,21.0,21.0,20.4
1773,"Flour, Common",20.0,20.0,20.0,19.2,18.4,17.7,18.4,19.4,18.5,18.4,18.5,18.5
1774,"Flour, Common",19.0,18.8,18.8,18.9,18.5,18.5,18.8,17.5,17.9,17.1,17.2,17.8
1775,"Flour, Common",17.5,16.8,15.2,15.0,13.5,14.0,16.2,15.2,15.2,13.0,12.5,12.5
1776,"Flour, Common",14.8,13.5,14.8,14.0,11.3,11.5,12.0,12.9,13.8,16.5,20.0,22.0
1777,"Flour, Common",23.0,24.0,24.2,23.9,23.8,22.5,27.5,22.5,23.2,23.0,24.8,25.2
1778,"Flour, Common",1.31,1.34,1.49,1.58,1.49,1.60,2.48,2.32,3.63,4.69,4.50,7.56
1779,"Flour, Common",7.9,11.0,10.5,15.0,18.0,18.0,18.0,18.0,28.6,48.4,70.0,83.4
1780,"Flour, Common",64.6,85.0,90.7,87.3,85.8,84.0,87.3,90.8,97.7,92.9,104.8,109.4
1781,"Flour, Common",119.8,143.8,142.9,141.5,20.8,19.7,17.6,16.7,15.6,18.0,18.9,20.4
1782,"Flour, Common",18.4,19.1,18.4,14.9,12.0,12.0,12.8,16.5,18.0,18.0,17.0,15.5
1784,"Flour, Common",22.6,22.6,22.5,21.4,21.4,24.3,24.0,23.4,24.0,24.6,24.6,22.3
1785,"Flour, Common",22.6,22.3,21.7,21.7,20.0,21.4,21.4,21.4,23.1,21.7,22.0,22.0
1786,"Flour, Common",18.9,20.3,20.3,18.6,19.4,21.4,21.7,20.0,22.6,21.1,21.4,20.6
1787,"Flour, Common",21.1,20.6,20.0,19.7,20.0,20.3,21.4,19.4,17.4,17.4,16.9,16.3
1788,"Flour, Common",15.6,15.4,15.3,15.7,18.7,17.9,17.7,18.7,18.0,18.3,17.7,18.3
1789,"Flour, Common",16.9,17.1,17.1,17.4,19.7,21.3,20.0,21.1,21.6,21.9,20.9,24.0
1790,"Flour, Common",24.3,26.4,30.0,32.0,34.3,31.7,29.1,28.9,22.9,23.7,25.1,24.3
1770,"Flour, Middling",15.0,14.0,13.4,14.0,13.9,13.8,15.0,15.9,16.1,15.8,16.4,16.4
1771,"Flour, Middling",15.4,17.0,17.0,17.0,16.9,17.9,18.0,18.0,18.0,18.0,18.0,18.0
1772,"Flour, Middling",17.9,18.5,19.3,20.0,20.0,21.0,21.8,21.8,21.6,21.1,21.2,20.5
1773,"Flour, Middling",20.0,19.7,19.6,19.8,18.4,18.0,17.9,19.2,19.9,19.2,19.0,18.0
1774,"Flour, Middling",18.5,18.5,18.3,18.1,18.0,18.1,18.4,18.7,18.0,17.1,16.9,17.6
1775,"Flour, Middling",17.0,17.0,17.0,15.5,15.5,15.5,15.5,15.5,15.5,15.0,15.0,15.0
1776,"Flour, Middling",15.8,15.0,15.0,13.2,13.0,12.0,10.9,10.8,14.8,16.4,17.0,16.9
1780,"Flour, Middling",60.0,70.0,81.9,58.3,76.7,73.2,81.7,82.0,76.7,81.2,93.5,109.6
1783,"Flour, Middling",15.0,16.0,16.0,16.5,17.7,18.7,21.8,20.3,19.5,19.4,17.3,17.8
1784,"Flour, Middling",17.5,13.5,14.1,13.4,15.5,20.4,21.8,20.0,20.0,21.1,21.4,20.0
1785,"Flour, Middling",21.4,21.4,20.0,20.0,19.4,20.0,19.3,19.3,19.6,20.0,18.6,18.6
1786,"Flour, Middling",18.3,17.7,17.7,18.6,19.4,20.3,18.6,19.7,18.6,17.1,17.9,16.3
1787,"Flour, Middling",16.3,14.9,14.9,15.4,14.3,16.3,17.0,15.1,14.0,14.0,13.7,13.3
1788,"Flour, Middling",12.0,12.1,12.1,12.1,14.3,15.3,14.3,14.9,14.3,14.3,13.7,13.9
1789,"Flour, Middling",13.6,13.6,13.6,13.6,16.3,16.6,16.6,16.6,17.7,16.9,17.1,19.3
1770,"Flour, Superfine",17.5,17.5,17.4,17.8,15.5,19.2,19.5,20.0,20.3,21.0,21.2,20.8
1771,"Flour, Superfine",20.4,20.0,20.5,20.4,20.7,22.3,21.9,21.2,21.6,21.5,21.4,21.2
1772,"Flour, Superfine",21.8,22.2,22.8,23.0,23.2,23.8,23.5,23.5,23.4,23.5,23.4,23.2
1773,"Flour, Superfine",23.5,230.22,5,22.2,22.0,21.0,21.2,21.6,22.9,22.8,23.9,22.0
1775,"Flour, Superfine",21.5,21.5,21.5,20.8,18.5,18.5,18.5,18.5,18.5,18.0,18.0,18.0
1776,"Flour, Superfine",18.0,17.8,17.0,15.1,14.5,14.0,13.4,13.9,18.5,21.8,22.5,22.9
1777,"Flour, Superfine",28.0,28.4,29.8,29.3,28.2,30.0,27.8,25.4,23.4,23.1,24.9,25.4
1779,"Flour, Superfine",10.2,13.1,16.0,17.9,23.8,20.0,20.0,20.0,31.5,46.9,67.8,87.8
1780,"Flour, Superfine",81.2,90.0,96.5,94.1,97.9,96.2,98.9,110.0,114.6,106.5,112.9,129.7
1782,"Flour, Superfine",22.6,22.3,22.5,20.5,17.2,17.0,15.5,20.0,20.0,21.2,20.0,21.3
1783,"Flour, Superfine",23.5,21.9,22.9,25.7,25.8,26.2,27.5,27.8,28.6,28.2,28.5,27.2
1784,"Flour, Superfine",28.1,27.1,29.0,26.3,26.7,28.9,28.7,28.6,27.4,26.3,28.6,27.1
1785,"Flour, Superfine",25.7,25.7,25.7,24.6,25.7,25.7,25.1,25.1,24.9,24.9,24.6,24.0
1786,"Flour, Superfine",24.0,24.0,23.7,23.1,22.9,21.6,24.6,24.6,24.3,24.3,24.0,22.9
1787,"Flour, Superfine",22.9,22.9,22.9,22.9,22.9,24.3,24.3,20.9,18.9,18.9,18.0,17.6
1788,"Flour, Superfine",17.4,17.4,20.0,20.6,21.1,21.1,20.0,20.0,20.0,19.7,19.4,20.0
1789,"Flour, Superfine",20.0,19.4,20.0,20.0,22.9,24.3,22.1,23.4,24.3,24.3,22.9,24.3
1790,"Flour, Superfine",25.4,28.7,32.1,33.3,35.7,33.1,31.1,30.6,25.7,24.7,26.3,26.3
1771,Indigo,10.0,10.0,9.25,8.50,10.3,10.5,11.0,11.5,11.3,11.1,10.8,11.5
1773,Indigo,12.5,11.2,10.0,10.0,10.0,10.0,10.0,9.91,10.1,10.0,10.0,10.0
1774,Indigo,12.0,11.1,10.2,10.0,10.0,9.88,9.50,9.00,9.00,10.4,10.0,10.0
1775,Indigo,9.83,9.67,9.50,9.55,9.60,11.7,11.5,11.0,11.0,10.0,11.8,12.0
1783,Indigo,6.62,5.75,5.75,7.00,7.00,7.00,7.00,8.00,8.00,8.00,7.75,7.50
1784,Indigo,7.50,8.25,6.92,6.92,9.00,9.00,11.2,11.2,12.0,12.0,10.0,9.00
1786,Indigo,6.75,6.75,6.75,6.75,6.75,6.75,6.75,6.75,6.75,6.75,6.75,6.75
1787,Indigo,6.75,6.75,6.75,6.50,5.25,5.25,5.75,5.75,5.75,6.25,6.75,6.75
1788,Indigo,6.75,6.75,6.00,6.00,6.00,6.00,6.00,6.00,5.38,7.25,7.25,5.75
1789,Indigo,5.75,5.75,5.75,5.75,5.75,5.75,5.75,5.75,5.75,5.75,5.75,5.75
1770,"Iron, Bar",23.0,23.0,23.0,23.0,23.0,23.0,23.0,24.0,23.0,23.0,23.0,24.0
1771,"Iron, Bar",23.5,24.0,24.0,24.0,24.0,24.0,24.0,24.0,24.0,24.0,24.3,25.0
1772,"Iron, Bar",25.0,26.0,26.0,26.0,26.5,28.0,28.0,28.0,28.0,28.0,28.0,27.3
1773,"Iron, Bar",28.0,27.0,27.0,26.0,26.0,25.8,25.4,26.0,26.0,27.0,27.0,26.0
1774,"Iron, Bar",25.0,28.0,26.0,26.0,26.0,26.0,26.4,26.0,26.0,26.0,26.0,26.0
1775,"Iron, Bar",26.0,26.0,26.0,25.7,23.9,23.9,24.3,24.2,23.2,24.0,22.5,22.5
1776,"Iron, Bar",26.0,26.5,26.6,26.8,26.0,28.0,26.2,28.8,30.4,30.4,35.8,39.8
1780,"Iron, Bar",2032.4,2001.8,2279.1,2264.0,2482.4,2628.1,2839.5,3079.3,2743.8,2844.8,3015.6,3003.5
1781,"Iron, Bar",2970.1,3376.3,3274.7,3818.0,34.1,34.4,33.9,34.4,33.5,33.0,34.5,42.5
1782,"Iron, Bar",43.5,43.8,45.0,44.6,46.3,45.0,45.0,45.0,45.0,45.6,47.5,45.0
1783,"Iron, Bar",45.0,42.5,42.0,39.7,40.0,35.9,30.6,30.0,33.9,33.6,37.0,37.0
1784,"Iron, Bar",37.5,37.5,37.5,37.5,38.8,40.0,41.5,40.0,41.0,42.0,40.5,39.0
1785,"Iron, Bar",37.5,37.5,36.0,34.0,33.0,30.0,30.0,28.0,29.0,29.0,29.0,29.0
1786,"Iron, Bar",29.0,29.0,27.5,27.5,26.5,25.5,25.5,25.5,25.5,25.5,25.5,25.5
1787,"Iron, Bar",25.5,25.5,25.5,25.5,25.5,25.5,25.5,25.0,25.0,25.0,25.5,25.5
1788,"Iron, Bar",25.5,25.5,26.0,26.0,26.0,27.0,27.0,26.8,26.5,26.0,26.0,25.5
1789,"Iron, Bar",26.0,26.0,26.0,26.0,26.0,26.0,26.0,27.0,27.0,27.0,27.0,27.5
1790,"Iron, Bar",27.5,27.5,28.0,28.0,28.0,28.0,28.0,28.0,28.0,28.0,30.0,30.0
1770,"Leather, sole",1.33,1.33,1.33,1.33,1.33,1.33,1.33,1.33,1.33,1.33,1.33,1.33
1771,"Leather, sole",1.33,1.33,1.33,1.33,1.33,1.33,1.33,1.33,1.33,1.33,1.33,1.33
1772,"Leather, sole",1.33,1.33,1.33,1.25,1.30,1.33,1.33,1.33,1.38,1.33,1.37,1.33
1773,"Leather, sole",1.37,1.42,1.33,1.42,1.42,1.42,1.42,1.42,1.42,1.42,1.42,1.42
1774,"Leather, sole",1.42,1.42,1.42,1.42,1.42,1.42,1.42,1.42,1.42,1.44,1.42,1.42
1775,"Leather, sole",1.38,1.36,1.42,1.50,1.42,1.42,1.42,1.42,1.42,1.50,1.50,1.50
1776,"Leather, sole",1.50,1.50,1.50,1.59,1.53,1.50,1.64,1.94,2.25,2.62,3.0,3.25
1782,"Leather, sole",1.50,1.58,1.67,1.67,1.67,1.67,1.67,1.67,1.67,1.67,1.67,1.67
1783,"Leather, sole",1.67,1.67,1.67,1.67,1.67,1.67,1.67,1.67,1.67,1.67,1.67,1.67
1784,"Leather, sole",1.67,1.63,1.67,1.67,1.67,1.67,1.58,1.67,1.67,1.62,1.58,1.50
1785,"Leather, sole",1.58,1.58,1.25,1.50,1.54,1.54,1.58,1.62,1.62,1.71,1.77,1.69
1786,"Leather, sole",1.58,1.54,1.58,1.50,1.42,1.42,1.42,1.42,1.50,1.62,1.50,1.50
1788,"Leather, sole",1.25,1.17,1.33,1.25,1.25,1.25,121,1.19,1.19,1.42,1.42,1.42
1789,"Leather, sole",1.42,1.42,1.17,1.17,1.17,1.17,1.42,1.42,1.42,1.42,1.42,1.42
1770,Molasses,2.00,1.67,1.83,1.76,1.92,1.96,1.83,1.83,1.83,1.88,1.88,1.88
1771,Molasses,1.89,1.83,1.83,1.83,1.78,1.73,1.67,1.69,1.72,1.75,1.78,1.79
1772,Molasses,1.83,1.75,1.71,1.61,1.69,1.75,1.68,1.67,1.67,1.80,1.86,1.95
1773,Molasses,1.83,1.92,1.78,1.67,1.71,1.72,1.72,1.65,1.71,1.78,1.69,1.75
1774,Molasses,1.83,1.79,1.67,1.72,1.83,1.67,1.83,1.67,1.75,1.83,1.85,1.83
1775,Molasses,1.83,1.75,1.80,1.83,1.67,1.68,1.56,1.58,1.75,1.75,1.79,1.79
1776,Molasses,1.93,2.00,2.00,2.56,3.00,4.00,4.25,4.25,4.25,6.50,4.00,4.00
1777,Molasses,4.00,17.0,12.5,15.5,18.5,18.5,24.8,24.5,22.5,22.5,22.5,18.0
1778,Molasses,1.03,1.27,1.29,1.50,1.25,1.00,2.00,1.48,1.46,1.66,1.73,2.29
1780,Molasses,12.0,16.8,28.5,50.0,30.0,30.0,22.5,22.1,21.3,20.9,27.1,26.7
1782,Molasses,7.50,7.50,7.75,8.00,8.00,11.5,115,11.0,12.0,7.50,7.50,6.00
1783,Molasses,6.00,5.00,3.25,2.88,3.00,2.12,2.25,2.33,2.36,2.39,2.35,2.46
1784,Molasses,2.40,2.25,1.94,1.90,1.88,2.17,2.25,1.92,2.00,1.88,1.92,1.75
1785,Molasses,1.83,1.75,1.83,1.75,1.75,1.67,1.67,1.67,1.58,1.67,1.67,1.75
1786,Molasses,1.92,2.08,1.75,1.75,1.75,1.79,1.96,1.75,1.75,1.75,1.79,1.92
1787,Molasses,1.92,2.08,2.08,2.08,1.75,2.08,1.83,1.83,1.92,1.79,1.79,1.88
1788,Molasses,1.88,1.88,1.88,1.88,1.88,1.92,1.88,1.81,1.81,1.77,1.77,1.88
1789,Molasses,1.81,1.81,1.81,1.73,2.08,2.08,2.08,2.08,2.00,2.02,2.02,2.33
1790,Molasses,2.17,2.17,2.00,1.94,2.17,2.33,2.13,2.21,2.29,2.54,2.50,2.75
1770,Pepper,3.75,4.33,4.33,4.33,4.33,4.33,5.00,5.00,5.00,4.93,2.53,2.83
1771,Pepper,2.92,3.00,3.00,2.17,2.20,2.25,2.25,2.25,2.31,2.31,2.25,2.17
1772,Pepper,2.08,2.00,2.25,2.25,2.25,2.25,2.25,2.25,2.25,2.17,2.25,2.17
1773,Pepper,2.00,2.00,2.17,2.17,2.21,2.18,2.50,2.25,2.17,2.25,2.22,2.21
1774,Pepper,2.33,2.43,2.17,2.25,2.00,2.25,2.50,2.25,2.29,3.06,3.40,3.00
1775,Pepper,2.42,2.42,2.42,2.42,2.42,2.42,2.42,2.42,3.25,3.50,3.75,4.50
1776,Pepper,5.00,5.00,5.00,5.00,6.00,6.25,6.50,6.70,9.00,10.3,11.7,13.0
1777,Pepper,12.5,12.0,16.0,16.0,14.0,12.0,10.0,11.5,10.9,13.5,17.3,17.7
1780,Pepper,15.0,15.0,15.0,15.0,15.0,18.8,20.6,20.6,26.7,32.7,34.0,45.0
1782,Pepper,8.00,7.00,7.00,8.31,8.94,10.0,10.2,9.50,11.2,11.7,12.0,117
1783,Pepper,12.0,9.50,7.25,5.50,3.75,2.25,3.17,3.20,3.52,3.75,3.67,3.75
1784,Pepper,3.67,3.33,2.28,2.17,2.15,2.18,2.17,2.25,2.62,2.58,2.50,2.42
1785,Pepper,2.25,2.50,2.50,2.25,2.50,2.75,2.58,2.88,3.50,3.50,4.25,4.50
1787,Pepper,3.00,3.00,3.00,2.67,2.50,2.33,2.33,2.33,2.42,2.42,2.42,2.75
1788,Pepper,2.75,2.75,2.75,2.75,2.75,2.75,2.75,2.75,2.75,2.88,2.88,2.71
1789,Pepper,2.71,2.71,2.71,2.83,2.83,2.83,2.83,2.58,2.58,2.58,2.58,2.58
1790,Pepper,3.17,3.17,3.17,2.50,2.50,2.50,2.67,2.67,2.67,2.67,2.67,2.67
1770,Pork,3.75,3.75,3.81,4.00,4.00,3.94,4.00,4.12,3.92,3.71,3.65,3.58
1771,Pork,3.62,3.62,3.88,4.00,4.00,4.00,4.00,4.10,4.46,4.50,4.00,4.00
1773,Pork,4.25,4.50,4.50,4.50,4.52,4.42,4.28,4.30,4.25,3.71,3.71,3.44
1774,Pork,3.38,3.50,3.50,3.42,4.25,3.32,3.29,3.38,3.62,3.58,3.42,3.04
1775,Pork,3.00,3.00,3.06,3.00,3.00,3.09,3.27,3.94,4.25,4.00,2.88,2.88
1776,Pork,2.97,3.00,3.50,3.93,5.25,6.00,7.50,7.50,7.03,6.56,6.69,5.54
1777,Pork,6.34,6.79,8.90,11.5,11.0,14.0,12.0,13.0,13.1,13.6,14.0,9.96
1779,Pork,38.0,44.0,50.0,63.5,80.0,80.0,70.0,75.0,80.0,80.0,245.0,300.0
1780,Pork,242.5,244.4,400.0,580.0,580.0,500.0,587.5,562.5,550.0,575.0,662.5,750.0
1782,Pork,7.25,6.80,5.50,5.36,5.10,5.50,5.63,6.00,6.00,6.00,6.00,5.50
1783,Pork,5.50,5.00,5.00,3.88,5.63,5.40,5.19,5.33,5.50,5.25,4.88,5
1784,Pork,4.36,4.75,4.50,4.56,4.47,5.46,6.82,6.75,6.25,7.50,6.00,5.00
1785,Pork,5.25,5.00,5.25,5.00,5.25,5.50,6.00,6.00,6.38,5.75,5.75,4.38
1787,Pork,4.50,4.25,4.50,4.50,4.50,4.50,4.50,4.62,4.75,4.75,4.50,4.00
1788,Pork,4.00,4.00,3.44,3.62,3.68,3.68,3.68,3.81,3.81,3.81,3.81,3.75
1789,Pork,3.75,3.75,3.53,3.53,3.53,3.67,3.67,3.53,3.53,3.53,3.53,3.53
1770,Rice,18.0,17.5,17.5,17.0,16.5,16.0,15.0,15.0,15.2,16.0,15.7,16.0
1771,Rice,16.0,16.0,16.0,16.0,15.0,16.3,17.5,17.0,17.5,17.5,18.0,19.5
1772,Rice,20.0,20.0,21.0,23.0,25.0,24.0,26.3,27.0,24.0,24.0,24.0,22.3
1773,Rice,19.0,18.0,18.0,17.5,18.0,18.2,19.0,18.0,18.2,18.5,18.5,19.0
1774,Rice,18.4,22.0,17.5,17.5,17.0,17.2,16.5,17.9,17.0,16.0,16.0,16.0
1775,Rice,16.0,16.0,15.5,14.5,14.2,15.0,17.1,17.8,20.0,20.5,21.0,21.0
1780,Rice,66.8,103.4,140.0,140.0,162.5,185.0,180.0,180.0,168.0,180.0,200.0,210.0
1784,Rice,31.2,31.2,35.0,35.0,29.0,32.5,33.5,32.5,35.0,32.5,32.5,32.5
1785,Rice,32.5,30.0,27.0,27.0,26.0,27.5,26.0,26.0,25.0,26.0,27.5,27.5
1786,Rice,27.5,27.5,23.0,22.5,21.5,22.5,27.5,27.5,26.0,26.0,26.0,26.0
1787,Rice,26.0,26.0,25.5,25.5,25.5,25.5,26.0,25.0,25.0,23.5,23.5,23.5
1788,Rice,235,23.5,22.8,22.8,21.2,22.2,23.2,22.5,22.5,22.8,24.0,24.5
1789,Rice,24.5,24.0,24.0,20.0,20.0,19.0,19.0,19.0,19.0,19.5,19.5,22.5
1770,"Rum, W.I.",3.38,3.08,3.06,2.83,2.96,3.04,2.92,3.00,3.00,2.96,2.91,2.98
1771,"Rum, W.I.",2.97,3.00,3.17,3.17,2.97,3.07,3.04,3.28,3.56,3.67,3.85,4
1772,"Rum, W.I.",4.25,4.10,3.79,3.15,3.04,3.18,3.12,3.19,3.32,3.61,3.78,3.62
1773,"Rum, W.I.",3.33,3.50,3.42,3.25,3.33,3.30,3.19,3.19,3.13,3.14,3.08,3.08
1774,"Rum, W.I.",3.33,3.17,3.08,3.00,3.08,3.25,3.25,2.83,2.71,2.83,3.00,3.14
1775,"Rum, W.I.",3.17,3.08,3.13,3.08,2.83,2.99,2.97,2.96,2.92,3.08,3.08,3.25
1776,"Rum, W.I.",3.88,3.95,4.50,6.00,5.31,5.81,5.44,5.50,7.00,8.00,8.00,17.0
1777,"Rum, W.I.",18.0,27.5,21.4,29.5,38.2,40.8,40.0,46.7,50.0,50.0,50.0,58.4
1778,"Rum, W.I.",3.34,4.00,3.66,3.32,3.24,3.25,4.33,3.20,3.32,3.09,3.68,4.30
1780,"Rum, W.I.",26.0,31.8,46.2,55.0,55.0,35.9,33.4,28.9,28.0,22.5,22.2,35.5
1782,"Rum, W.I.",11.9,10.8,14.0,12.0,11.8,11.8,14.0,12.0,11.7,11.8,11.9,11.5
1783,"Rum, W.I.",9.50,8.00,5.75,5.00,5.00,4.38,4.75,5.00,5.00,5.00,5.00,5.06
1786,"Rum, W.I.",3.38,3.38,3.38,3.38,3.38,3.38,3.38,3.33,3.33,3.33,3.33,3.33
1787,"Rum, W.I.",3.33,3.63,3.63,3.63,3.25,3.38,3.25,3.17,3.17,3.17,3.17,3.17
1788,"Rum, W.I.",3.17,3.17,3.25,3.25,3.25,3.25,3.25,2.92,2.92,3.00,3.00,3.21
1789,"Rum, W.I.",3.50,3.50,3.63,3.63,3.75,3.63,3.63,3.63,3.63,4.13,4.13,4.50
1770,"Sugar, Loaf",0.92,1.04,1.00,1.02,1.01,1.00,1.00,1.00,1.00,1.00,0.99,0.98
1772,"Sugar, Loaf",0.96,0.96,0.95,0.94,0.94,0.95,0.94,0.95,0.94,0.93,0.95,0.94
1774,"Sugar, Loaf",1.00,1.04,1.00,1.00,1.00,1.12,1.12,1.12,1.08,1.08,1.08,1.08
1775,"Sugar, Loaf",1.08,1.08,1.08,1.08,1.08,1.17,1.13,1.13,1.13,1.13,1.13,1.13
1776,"Sugar, Loaf",1.12,1.12,1.26,1.31,1.42,1.50,2.63,3.07,3.50,3.50,3.50,5.00
1778,"Sugar, Loaf",0.78,0.91,0.88,0.90,0.74,0.50,0.90,0.75,0.90,0.83,0.70,1.25
1779,"Sugar, Loaf",1.30,1.35,1.50,2.31,2.62,2.62,2.31,2.36,3.38,4.00,4.00,4.50
1780,"Sugar, Loaf",4.50,4.50,4.50,4.50,5.06,5.62,6.45,6.98,7.50,8.50,8.40,10.9
1783,"Sugar, Loaf",2.25,2.25,1.88,1.25,1.17,1.25,1.25,1.42,1.58,1.57,1.58,1.60
1785,"Sugar, Loaf",1.00,1.00,1.00,1.00,1.00,0.92,0.92,0.92,0.92,1.00,1.00,1.00
1786,"Sugar, Loaf",1.08,1.08,1.08,1.08,1.08,1.08,1.08,1.08,1.08,1.08,1.08,1.08
1787,"Sugar, Loaf",1.08,1.08,1.08,1.04,1.04,1.08,1.08,1.08,1.08,1.03,1.03,1.08
1788,"Sugar, Loaf",1.08,1.08,1.08,1.06,1.06,1.06,1.06,1.06,1.06,1.06,1.06,0.98
1789,"Sugar, Loaf",0.98,0.98,0.98,0.98,1.17,1.17,1.17,1.13,1.13,1.08,1.08,1.08
1771,"Sugar, Muscovado",2.56,2.38,2.65,2.65,2.38,2.58,2.59,2.42,2.47,2.75,2.54,2.56
1772,"Sugar, Muscovado",2.65,2.38,2.44,2.49,2.51,2.45,2.45,2.42,2.52,2.47,2.41,2.45
1773,"Sugar, Muscovado",2.38,2.40,2.32,2.50,2.44,2.56,2.50,2.51,2.50,2.50,2.65,2.75
1774,"Sugar, Muscovado",2.80,2.75,2.75,2.75,2.75,2.88,2.80,2.79,2.85,2.80,2.75,2.72
1775,"Sugar, Muscovado",2.70,2.90,2.52,2.53,2.57,2.56,2.54,2.47,2.51,2.85,2.81,2.81
1776,"Sugar, Muscovado",2.87,3.02,3.25,3.25,4.83,5.57,5.38,5.50,4.50,4.65,5.60,6.06
1777,"Sugar, Muscovado",12.0,10.0,11.2,11.2,12.4,16.0,22.5,32.2,36.0,36.0,33.6,32.0
1778,"Sugar, Muscovado",40.5,49.0,38.3,36.4,40.0,35.0,30.0,36.1,32.2,31.2,38.5,58.6
1780,"Sugar, Muscovado",200.0,235.9,350.0,332.0,286.7,224.8,255.2,268.3,277.5,294.7,416.0,450.0
1782,"Sugar, Muscovado",4.45,3.62,3.79,4.30,5.00,5.83,4.50,4.62,4.50,4.50,4.76,4.75
1783,"Sugar, Muscovado",5.00,5.00,4.16,3.31,3.11,3.46,3.33,3.15,3.18,3.12,3.25,3.25
1784,"Sugar, Muscovado",3.25,3.00,3.25,3.25,3.25,3.25,3.25,3.25,3.25,3.01,2.62,2.75
1785,"Sugar, Muscovado",2.48,2.48,2.41,2.41,2.41,2.40,2.40,2.40,2.52,2.81,2.94,2.94
1786,"Sugar, Muscovado",2.94,2.94,2.94,2.69,2.75,2.75,2.75,2.75,2.75,2.75,2.75,2.75
1787,"Sugar, Muscovado",2.75,2.75,2.75,2.75,2.75,2.75,2.62,2.62,2.62,2.62,2.62,2.62
1788,"Sugar, Muscovado",2.62,2.75,2.75,2.75,2.75,2.75,2.75,2.75,2.75,2.69,2.69,2.88
1789,"Sugar, Muscovado",2.88,2.88,2.88,2.88,3.19,3.19,3.19,3.06,3.06,3.06,3.06,3.06
1790,"Sugar, Muscovado",3.06,3.06,3.06,3.06,3.06,3.19,3.25,3.50,3.75,4.12,4.12,4.12
1770,Tar,12.0,10.0,11.0,10.0,10.0,12.0,12.0,12.0,11.0,12.0,12.0,12.0
1771,Tar,12.0,12.0,12.0,12.0,13.2,12.0,13.0,14.0,12.0,12.0,12.7,12.0
1772,Tar,15.0,15.0,14.0,14.0,14.0,14.0,14.0,14.0,14.0,14.5,14.0,15.3
1773,Tar,15.0,15.0,14.3,14.0,13.7,13.0,13.1,13.4,13.0,14.0,13.0,14.0
1774,Tar,13.5,14.0,14.0,14.0,13.0,13.2,13.4,13.5,15.0,14.5,14.0,13.0
1775,Tar,12.0,12.0,12.0,13.5,11.8,10.8,11.8,12.5,11.0,15.0,15.0,15.5
1776,Tar,16.0,16.0,16.0,20.0,20.0,20.0,20.0,20.0,18.0,18.0,20.0,16.0
1777,Tar,30.0,24.0,18.0,21.5,25.0,24.5,27.3,27.3,27.6,22.0,26.0,42.9
1778,Tar,3.27,4.47,5.69,7.29,5.96,8.99,9.38,8.76,7.00,7.00,6.84,8.55
1779,Tar,8.00,8.50,8.50,9.00,13.1,15.0,15.0,15.0,15.0,15.0,15.0,22
1780,Tar,51.2,80.0,80.0,70.0,72.5,69.5,70.0,65.0,82.5,85.0,85.0,90.0
1782,Tar,32.5,37.5,42.8,43.1,43.0,38.8,35.0,27.5,35.0,30.0,35.0,35.0
1783,Tar,39.4,33.1,26.8,21.9,19.4,20.0,30.0,30.0,27.0,24.2,20.8,20.0
1785,Tar,17.5,17.5,17.5,15.5,15.5,10.5,10.0,11.0,12.5,13.0,12.5,12.5
1786,Tar,12.5,12.5,12.5,12.5,8.00,8.00,8.00,8.00,8.00,8.00,8.00,10.0
1787,Tar,10.0,10.0,10.0,10.0,10.0,10.0,10.0,10.0,11.0,11.0,11.0,110
1789,Tar,12.5,12.0,12.0,10.5,10.5,10.5,10.5,10.5,10.5,10.5,10.5,15.5
1790,Tar,15.5,15.5,15.5,15.5,15.5,15.5,15.5,10.9,10.9,16.5,17.5,15.0
1770,"Tea, Bohea",5.30,5.25,5.25,5.00,7.50,7.50,7.50,7.50,7.25,6.00,6.00,5.88
1771,"Tea, Bohea",5.50,5.50,5.50,5.38,5.25,5.08,5.00,4.75,4.33,4.50,4.17,4.25
1772,"Tea, Bohea",4.25,4.08,4.00,4.00,4.00,4.00,4.00,4.00,4.17,4.25,4.25,4.25
1773,"Tea, Bohea",4.37,4.17,4.00,4.00,4.00,4.25,4.50,4.75,4.63,4.50,6.00,6.00
1774,"Tea, Bohea",5.76,5.65,5.50,5.00,5.50,6.00,5.33,00.5,00,5.00,5.50,4.00
1775,"Tea, Bohea",4.50,3.83,3.83,3.83,3.83,3.83,4.75,4.75,4.75,4.75,4.75,7.50
1777,"Tea, Bohea",13.5,13.5,22.5,30.0,30.0,55.0,55.0,67.5,80.0,66.4,59.6,50.6
1779,"Tea, Bohea",2.06,4.00,4.00,4.00,4.50,5.25,4.50,4.75,10.0,12.5,13.5,15.5
1780,"Tea, Bohea",21.0,21.0,23.2,30.0,28.1,30.0,30.0,30.0,33.0,32.2,50.0,40.0
1782,"Tea, Bohea",7.50,7.92,8.44,14.0,13.5,11.8,10.9,9.67,10.2,11.5,12.1,11.2
1783,"Tea, Bohea",9.50,9.00,6.75,6.38,6.00,4.75,4.00,4.08,4.00,4.25,4.07,4.00
1784,"Tea, Bohea",4.75,3.63,3.75,3.67,3.69,3.50,3.75,3.67,3.67,3.75,3.00,3.17
1785,"Tea, Bohea",2.50,2.83,2.83,2.92,2.92,2.75,2.58,2.58,2.58,2.58,2.58,2.58
1786,"Tea, Bohea",2.63,2.75,2.75,2.79,2.75,2.75,2.75,2.75,2.75,2.75,2.75,2.75
1787,"Tea, Bohea",2.75,2.75,2.75,2.88,2.63,2.42,2.42,2.42,2.42,2.42,2.75,2.75
1788,"Tea, Bohea",2.75,2.75,2.67,2.63,2.63,2.38,2.42,2.42,2.00,1.83,1.83,1.88
1789,"Tea, Bohea",1.88,1.88,1.88,1.81,2.00,2.00,2.00,2.00,1.88,1.88,1.88,2.00
1790,"Tea, Bohea",2.33,2.33,2.33,2.33,2.33,2.33,2.33,2.21,2.21,2.67,2.75,2.58
1770,Tobacco,24.8,31.2,31.2,31.2,31.2,31.2,20.0,20.0,26.2,32.5,32.5,32.5
1771,Tobacco,32.5,32.5,32.5,32.5,32.5,32.5,32.5,32.5,32.5,32.5,32.5,32.5
1772,Tobacco,32.5,32.5,32.5,32.5,32.5,32.5,32.5,32.5,32.5,36.2,33.1,30.0
1779,Tobacco,15.0,14.5,15.0,22.5,22.5,25.0,25.0,25.0,36.2,46.2,50.0,60.0
1781,Tobacco,165.3,160.0,180.0,165.0,60.0,50.0,40.0,28.5,30.0,30.0,32.5,34.5
1782,Tobacco,37.5,40.0,35.0,40.0,37.5,35.0,35.0,35.0,35.0,40.0,37.5,37.5
1784,Tobacco,60.0,60.0,61.2,58.8,62.5,70.0,70.0,65.0,57.5,62.5,57.5,57.5
1785,Tobacco,57.5,57.5,55.0,55.0,55.0,55.0,55.0,55.0,55.0,55.0,50.0,50.0
1786,Tobacco,45.0,43.0,43.0,35.0,35.0,35.0,35.0,35.0,37.5,37.5,40.0,40.0
1787,Tobacco,40.0,40.0,40.0,40.0,41.2,40.0,37.5,40.0,42.0,42.0,42.0,42.0
1788,Tobacco,42.0,42.0,41.0,41.0,41.0,41.0,41.0,41.0,41.0,40.0,35.0,35.0
1789,Tobacco,35.0,35.0,35.0,35.0,35.0,35.0,35.0,35.0,35.0,32.5,32.5,32.5
1770,Turpentine,15.0,15.0,15.0,12.0,12.0,14.0,14.0,14.0,13.0,14.0,14.0,14.0
1771,Turpentine,14.0,14.0,14.0,14.0,14.0,14.0,15.0,16.0,14.0,14.0,14.7,14.0
1772,Turpentine,0,15.0,16.0,16.0,16.0,16.0,17.8,18.0,17.7,17.5,17.5,17.8
1773,Turpentine,17.5,18.0,17.3,17.5,20.0,19.0,17.0,17.2,18.0,20.0,20.0,18.0
1774,Turpentine,18.0,20.0,20.0,20.0,18.0,18.0,18.4,18.8,19.2,19.6,20.0,20.0
1784,Turpentine,30.7,30.0,30.0,30.0,32.5,30.2,28.0,28.0,30.0,30.0,30.0,27.0
1785,Turpentine,27.5,27.0,27.0,26.0,25.0,18.0,17.5,17.5,19.0,18.0,18.0,18.0
1786,Turpentine,17.5,17.5,17.5,17.0,12.0,12.0,12.0,12.0,12.0,12.0,12.0,12.0
1787,Turpentine,12.0,12.0,12.0,12.0,12.0,12.0,10.0,10.0,10.0,10.0,10.0,10.0
1788,Turpentine,12.0,12.0,12.0,12.0,12.0,12.0,12.0,12.0,12.0,12.5,12.5,13.8
1789,Turpentine,13.8,13.8,13.8,12.5,12.5,12.5,12.5,12.5,12.5,12.5,12.5,17.5
1771,Wheat,6.33,6.13,6.75,6.88,7.00,7.20,7.00,6.38,6.67,7.00,7.06,7.00
1772,Wheat,7.50,7.75,7.69,7.60,7.88,8.02,8.04,7.92,8.00,7.83,7.53,7.17
1773,Wheat,7.50,7.50,7.95,8.00,7.63,7.00,7.17,7.29,7.50,7.33,7.06,7.13
1774,Wheat,7.50,7.50,7.50,7.58,7.75,7.00,7.00,6.50,6.75,5.75,6.50,6.83
1775,Wheat,6.75,7.00,6.38,6.00,5.75,5.69,5.88,5.56,4.88,4.50,4.75,4.75
1776,Wheat,4.50,5.00,4.92,4.67,4.06,4.26,4.00,4.12,5.50,5.50,5.92,7.47
1777,Wheat,8.00,7.50,7.83,7.66,7.50,7.50,7.50,7.50,7.50,10.0,12.0,12.0
1778,Wheat,0.60,0.60,0.60,0.60,0.60,0.60,0.64,0.75,0.90,1.25,1.58,1.84
1779,Wheat,2.07,2.25,4.25,4.75,7.50,6.00,6.00,9.00,7.00,7.50,15.0,18.8
1780,Wheat,18.8,19.0,20.0,20.0,23.6,23.1,23.0,24.5,36.0,26.2,28.2,29.9
1782,Wheat,6.25,6.25,7.00,6.25,6.25,6.25,8.17,6.25,6.25,7.50,6.00,6.00
1783,Wheat,6.00,6.25,6.13,5.39,7.69,8.00,8.32,6.73,6.98,6.83,6.78,6.39
1784,Wheat,6.50,6.75,6.50,6.86,7.05,6.81,7.76,8.00,8.00,8.00,8.50,8.75
1785,Wheat,8.42,8.50,8.50,8.00,8.00,8.00,7.96,7.25,7.38,7.75,7.88,7.92
1786,Wheat,7.75,7.50,7.50,6.88,6.88,7.75,8.00,7.25,7.88,7.13,7.25,7.50
1787,Wheat,7.50,7.50,7.25,6.75,6.75,8.25,7.25,6.50,5.75,5.75,5.75,5.25
1788,Wheat,5.25,5.25,6.00,6.00,6.75,6.75,6.25,5.50,5.50,6.00,5.88,6.13
1789,Wheat,6.00,5.75,5.75,6.25,7.13,7.25,7.50,6.75,6.75,7.50,7.50,8.42
1790,Wheat,9.00,10.2,11.3,12.8,13.2,11.2,10.2,9.50,8.25,8.00,8.75,8.42
1770,Wine,45.0,50.0,50.0,50.0,50.0,50.0,50.0,50.0,50.0,50.0,50.0,50.0
1771,Wine,50.0,50.0,50.0,50.0,50.0,50.0,50.0,50.0,50.0,50.0,50.0,50.0
1772,Wine,50.0,50.0,50.0,50.0,50.0,50.0,50.8,60.0,60.0,57.5,60.0,60.0
1773,Wine,60.0,55.0,57.5,55.0,55.0,55.0,55.0,55.0,55.0,62.5,62.5,53.5
1774,Wine,56.0,53.5,53.5,53.5,62.5,56.0,48.0,50.2,52.5,56.2,60.0,60.0
1784,Wine,56.0,62.5,66.0,68.8,75.0,61.9,67.5,67.5,65.0,65.0,70.0,70.0
1785,Wine,70.0,70.0,80.0,80.0,70.0,70.0,65.0,65.0,60.0,60.0,60.0,60.0
1786,Wine,60.0,60.0,60.0,60.0,60.0,60.0,60.0,60.0,60.0,60.0,60.0,60.0
1787,Wine,60.0,60.0,60.0,60.0,60.0,60.0,60.0,60.0,60.0,60.0,60.0,60.0
1788,Wine,60.0,60.0,60.0,60.0,60.0,60.0,60.0,60.0,60.0,60.0,60.0,60.0
1789,Wine,60.0,60.0,60.0,60.0,60.0,60.0,60.0,60.0,60.0,60.0,60.0,60.0
