# Scales of depreciation for the settlement of private debts, seven states, 1777-1781.
#
# PRIMARY SOURCE for Massachusetts, New Jersey, Delaware, Maryland, Virginia and North
#   Carolina: "Scales of Depreciation for the settlements with individuals", House Doc. No.
#   107, 20th Cong. 1st sess. (Washington: Gales & Seaton, 1828), pp. 30-33 — the printing
#   reissued as American State Papers, Class III (Finance), vol. V. Transcribed from page
#   images, not OCR.
#
# PENNSYLVANIA is taken from the ENACTED STATUTE, not from a compilation: Act of 3 April
#   1781, ch. CMXXXV, sec. IV, Statutes at Large of Pennsylvania (1904), vol. 10, pp. 286-87.
#   The statutory scale runs to FEBRUARY 1781 and stops; the act covers contracts made before
#   1 March 1781. Entries are therefore blank from March 1781. The printed compilations differ
#   from the statute in two places and from each other — see
#   pennsylvania_scale_three_sources.csv, which sets all three side by side.
#
# Connecticut, New York and South Carolina are in the same 1828 source but are not yet
#   transcribed here. They are stated as percentages (Continental per 100 specie) and, for
#   South Carolina, in a pounds-and-shillings notation that needs care.
#
# Units: Continental dollars required to purchase one specie dollar. Higher values denote
#   greater depreciation. Blank = no entry for that month in the source.
#
# Note on Massachusetts: stated as "per cent." monthly through April 1780 and date-specific
#   thereafter. Values here are divided by 100 to the common unit; from May 1780 each month
#   takes the dated observation nearest mid-month, and months with no dated observation are
#   left blank rather than interpolated.
date,year,month,massachusetts,pennsylvania_statute,new_jersey,delaware,maryland,virginia,north_carolina
1777-01,1777,1,1.05,1.50,,1.50,1.50,1.50,
1777-02,1777,2,1.07,1.50,,1.50,1.50,1.50,
1777-03,1777,3,1.09,2.00,,2.00,2.00,2.00,1.25
1777-04,1777,4,1.12,2.50,,2.50,2.50,2.50,1.50
1777-05,1777,5,1.15,2.50,,2.50,2.50,2.50,1.50
1777-06,1777,6,1.20,2.50,,2.50,2.50,2.50,1.75
1777-07,1777,7,1.25,3.00,,3.00,3.00,3.00,2.00
1777-08,1777,8,1.50,3.00,,3.00,3.00,3.00,2.12
1777-09,1777,9,1.75,3.00,,3.00,3.00,3.00,2.25
1777-10,1777,10,2.75,3.00,,3.00,3.00,3.00,2.50
1777-11,1777,11,3.00,3.00,,3.00,3.00,3.00,2.50
1777-12,1777,12,3.10,4.00,,4.00,4.00,4.00,3.00
1778-01,1778,1,3.25,4.00,4.00,4.00,4.00,4.00,3.50
1778-02,1778,2,3.50,5.00,4.00,5.00,5.00,5.00,3.50
1778-03,1778,3,3.75,5.00,4.00,5.00,5.00,5.00,3.75
1778-04,1778,4,4.00,6.00,5.00,6.00,6.00,5.00,4.00
1778-05,1778,5,4.00,5.00,5.00,5.00,5.00,5.00,4.00
1778-06,1778,6,4.00,4.00,5.00,4.00,4.00,5.00,4.00
1778-07,1778,7,4.25,4.00,5.00,4.00,4.00,5.00,4.00
1778-08,1778,8,4.50,5.00,5.00,5.00,5.00,5.00,4.25
1778-09,1778,9,4.75,5.00,5.00,5.00,5.00,5.00,4.50
1778-10,1778,10,5.00,5.00,5.00,5.00,5.00,5.00,4.75
1778-11,1778,11,5.45,6.00,6.00,6.00,6.00,6.00,5.00
1778-12,1778,12,6.34,6.00,7.00,6.00,6.00,6.00,5.50
1779-01,1779,1,7.42,8.00,8.00,8.00,8.00,8.00,6.00
1779-02,1779,2,8.68,10.00,10.00,10.00,10.00,10.00,6.50
1779-03,1779,3,10.00,10.50,12.00,10.50,10.00,10.00,7.50
1779-04,1779,4,11.04,17.00,16.00,17.00,17.00,16.00,10.00
1779-05,1779,5,12.15,24.00,20.00,24.00,24.00,20.00,10.00
1779-06,1779,6,13.42,20.00,20.00,20.00,20.00,20.00,12.25
1779-07,1779,7,14.77,19.00,20.00,19.00,20.00,21.00,15.00
1779-08,1779,8,16.30,20.00,24.00,20.00,20.00,22.00,18.00
1779-09,1779,9,18.00,24.00,24.00,24.00,24.00,24.00,21.00
1779-10,1779,10,20.30,30.00,30.00,30.00,30.00,28.00,25.00
1779-11,1779,11,23.08,38.50,36.00,38.50,38.50,36.00,27.00
1779-12,1779,12,25.93,41.50,40.00,41.00,41.50,40.00,30.00
1780-01,1780,1,29.34,40.50,42.00,40.50,40.00,42.00,32.00
1780-02,1780,2,33.22,47.50,50.00,47.50,47.00,45.00,35.00
1780-03,1780,3,37.36,61.50,60.00,61.50,60.00,50.00,40.00
1780-04,1780,4,40.00,61.50,60.00,61.50,60.00,60.00,50.00
1780-05,1780,5,49.00,59.00,60.00,59.00,60.00,60.00,60.00
1780-06,1780,6,68.00,61.50,60.00,61.50,60.00,65.00,75.00
1780-07,1780,7,,64.50,60.00,64.50,60.00,65.00,90.00
1780-08,1780,8,70.00,70.00,60.00,,65.00,70.00,100.00
1780-09,1780,9,71.00,72.00,60.00,,75.00,72.00,125.00
1780-10,1780,10,72.00,73.00,75.00,,85.00,73.00,150.00
1780-11,1780,11,73.00,74.00,75.00,,90.00,74.00,175.00
1780-12,1780,12,,75.00,75.00,,100.00,75.00,200.00
1781-01,1781,1,,75.00,75.00,,110.00,75.00,210.00
1781-02,1781,2,75.00,75.00,90.00,,120.00,80.00,225.00
1781-03,1781,3,,,100.00,,140.00,90.00,250.00
1781-04,1781,4,,,120.00,,160.00,100.00,260.00
1781-05,1781,5,90.00,,150.00,,280.00,150.00,300.00
1781-06,1781,6,100.00,,,,280.00,250.00,350.00
1781-07,1781,7,,,,,,400.00,400.00
1781-08,1781,8,,,,,,500.00,500.00
1781-09,1781,9,,,,,,600.00,550.00
1781-10,1781,10,,,,,,700.00,600.00
1781-11,1781,11,,,,,,800.00,675.00
1781-12,1781,12,,,,,,1000.00,725.00
